"V1"	"V2"	"V3"	"V4"	"V5"	"V6"	"V7"	"V8"	"V9"	"V10"	"V11"	"V12"	"V13"	"V14"	"V15"	"V16"	"V17"	"V18"	"V19"	"V20"	"V21"	"V22"	"V23"	"V24"	"V25"	"V26"	"V27"	"V28"	"V29"	"V30"	"V31"	"V32"	"V33"	"V34"	"V35"	"V36"	"V37"	"V38"	"V39"	"V40"	"V41"	"V42"	"V43"	"V44"	"V45"	"V46"	"V47"	"V48"	"V49"	"V50"	"V51"	"V52"	"V53"	"V54"	"V55"	"V56"	"V57"	"V58"	"V59"	"V60"	"V61"	"V62"	"V63"	"V64"	"V65"	"V66"	"V67"	"V68"	"V69"	"V70"	"V71"	"V72"	"V73"	"V74"	"V75"	"V76"	"V77"	"V78"	"V79"	"V80"	"V81"	"V82"	"V83"	"V84"	"V85"	"V86"	"V87"	"V88"	"V89"	"V90"	"V91"	"V92"	"V93"	"V94"	"V95"	"V96"	"V97"	"V98"	"V99"	"V100"
"212"	5	29	4	9	6	18	4	7	0	2	17	7	351	4	3	7	7	2	7	9	4	5	4	4	0	1	0	4	6	45	14	4	8	4	5	14	1	39	10	175	3	4	17	12	2	15	5	1	2	2	5	6	1	4	1	2	3	3	6	2	5	1	1	4	3	3	3	32	4	0	56	35	3	2	22	12	0	0	8	30	7	2	89	3	9	1	8	1	3	9	16	6	12	6	6	12	1	6	6	1
"218"	8	32	8	9	11	19	5	8	0	4	12	2	338	2	4	11	6	0	5	9	6	6	9	4	0	3	0	4	9	36	12	3	8	9	2	19	1	39	6	181	2	4	17	13	7	13	11	0	2	2	6	5	4	8	1	1	4	3	6	7	8	3	0	4	9	8	4	30	8	1	47	38	2	6	18	7	0	3	9	31	10	1	106	2	11	0	7	0	3	7	9	4	12	6	6	11	0	8	5	3
"222"	9	28	14	21	8	18	3	4	0	3	15	2	327	2	5	9	9	0	4	12	3	7	15	5	0	1	0	5	6	43	6	9	4	10	5	20	1	32	9	172	3	3	22	17	12	10	6	0	2	2	6	7	2	9	1	8	2	5	3	7	9	3	0	3	12	3	4	20	10	2	54	33	1	6	27	12	0	3	7	27	5	1	98	3	6	1	7	0	2	5	14	4	7	5	7	8	0	3	5	6
"224"	7	26	7	11	7	18	3	8	0	2	14	3	322	2	6	5	7	2	6	7	7	4	10	4	0	1	1	7	6	46	13	9	7	12	7	25	2	30	8	174	3	5	25	16	12	12	5	0	1	3	5	9	0	8	2	8	0	0	2	7	10	2	0	2	13	3	3	17	6	0	54	38	0	4	24	13	0	3	16	28	3	0	88	4	6	1	10	1	3	3	13	2	9	5	7	10	2	4	3	5
"231"	2	24	2	6	15	19	0	4	0	0	13	3	322	3	3	9	0	1	2	9	3	5	17	2	0	1	0	5	6	51	13	6	2	13	1	32	1	44	9	184	0	8	18	15	4	21	7	0	0	5	3	4	1	9	2	2	2	3	6	9	16	2	0	4	9	2	1	29	7	0	48	46	3	3	21	9	0	2	8	21	5	3	72	3	7	0	14	1	2	5	9	3	14	3	4	16	0	8	11	1
"239"	8	30	10	9	3	25	4	6	0	1	16	0	317	2	4	10	5	3	5	14	2	6	6	3	0	2	0	5	6	51	10	3	4	10	3	22	2	50	10	192	0	7	20	19	2	22	4	0	1	2	2	6	1	9	3	4	1	3	2	4	14	1	1	5	12	6	2	32	3	1	49	37	2	4	28	10	0	3	15	23	10	3	67	6	11	1	5	1	2	6	13	5	11	4	8	14	0	6	7	3
"240"	8	25	10	12	6	25	6	5	0	4	16	1	318	4	7	9	6	1	5	9	4	4	14	4	0	2	0	5	6	50	9	3	0	8	5	18	1	49	9	191	0	8	16	16	2	26	7	0	0	3	2	4	0	14	1	4	2	0	6	8	12	1	1	5	11	6	3	28	4	1	51	38	1	6	24	14	0	3	18	22	6	3	65	7	7	1	4	0	5	8	11	8	13	6	6	13	1	6	7	2
"257"	3	37	9	5	4	20	4	6	1	1	12	0	334	3	3	6	5	4	8	4	3	6	4	3	0	0	0	4	5	57	15	5	2	9	7	22	5	55	7	195	4	6	16	23	8	17	9	0	1	4	2	5	0	7	3	4	0	3	5	6	8	1	0	1	9	3	2	27	6	1	45	48	0	7	26	5	1	0	10	27	4	2	68	2	7	0	10	0	1	9	14	5	18	7	4	14	0	7	12	1
"259"	7	36	7	9	6	19	4	6	0	1	9	2	333	3	3	4	3	5	7	10	4	4	13	5	0	0	0	3	6	53	16	3	6	12	4	31	1	59	5	195	4	7	16	15	5	17	7	0	1	3	0	2	1	10	3	1	3	0	1	7	3	1	0	3	12	6	3	23	9	0	46	46	2	9	24	11	1	1	13	27	4	2	66	4	8	2	9	0	4	4	15	2	20	4	8	15	0	9	3	1
"265"	5	29	6	7	6	19	1	6	0	1	13	6	309	6	7	7	5	2	6	11	5	4	11	0	0	1	0	2	6	54	12	1	5	10	5	30	1	60	9	189	3	9	18	12	2	14	8	0	0	0	0	4	2	10	0	4	1	1	3	8	12	2	0	1	14	3	3	29	13	0	60	36	6	7	18	7	0	3	17	29	4	1	62	4	7	0	5	1	2	8	15	4	17	6	8	13	0	11	6	5
"275"	5	28	12	5	4	21	4	5	0	1	13	0	317	3	2	4	6	2	4	8	9	9	7	0	0	4	0	8	4	47	16	7	3	6	3	18	2	48	2	199	0	1	13	10	4	13	6	0	0	0	2	8	2	7	3	3	3	5	6	12	11	4	2	11	9	4	6	36	5	1	58	36	1	7	22	9	0	0	5	25	5	4	77	10	10	1	8	0	6	7	9	6	10	7	4	22	0	10	4	5
"297"	4	30	8	12	11	23	4	5	1	2	17	4	341	5	4	4	1	2	6	10	7	2	12	4	2	4	0	1	3	54	9	7	6	7	2	30	2	47	7	195	2	9	21	16	7	12	4	0	0	2	2	7	1	9	1	2	1	0	6	6	7	0	1	4	8	2	3	28	9	0	59	42	3	7	22	6	0	1	10	25	3	1	52	3	9	0	7	3	2	7	12	10	15	4	8	14	1	5	2	3
"300"	5	30	9	11	13	24	3	6	0	1	19	3	345	3	1	9	0	2	3	9	4	7	12	4	0	1	0	3	7	60	9	5	3	7	4	29	1	51	13	198	1	3	20	18	6	14	8	0	0	5	1	10	0	10	4	4	0	2	5	3	8	2	2	6	10	5	2	31	4	3	63	34	3	6	24	6	0	1	8	31	4	1	42	3	9	0	8	1	5	8	9	0	12	7	7	15	1	5	7	4
"315"	9	26	8	9	8	17	7	8	0	2	15	0	343	5	3	6	5	2	7	12	4	9	7	1	0	2	0	5	2	76	9	2	7	6	0	28	2	42	9	196	1	10	10	11	6	13	7	0	1	2	0	7	0	9	0	4	3	1	1	1	6	3	1	1	11	5	0	23	7	4	59	45	3	3	25	7	0	2	8	36	7	0	65	5	8	1	9	0	2	9	14	3	5	5	4	14	0	6	5	4
"330"	9	33	6	7	7	17	5	3	0	2	13	3	358	4	6	9	5	3	4	8	2	3	12	3	0	1	0	2	4	55	13	4	3	11	2	31	5	49	15	185	1	5	15	20	6	13	5	2	0	6	3	2	1	11	3	7	2	1	6	5	16	2	2	4	17	4	0	21	10	1	55	39	3	7	19	5	1	1	13	33	2	1	69	5	10	0	9	0	2	7	13	3	11	3	12	13	0	9	5	2
"332"	4	27	9	6	8	17	3	8	0	1	17	2	354	4	2	10	3	1	7	11	5	5	9	2	0	3	0	4	6	55	10	4	3	9	6	26	1	46	10	181	3	5	14	19	9	19	4	2	0	3	4	3	1	7	3	6	2	1	5	9	4	0	2	3	13	3	6	24	8	0	50	40	6	7	22	7	1	1	9	35	6	3	60	5	7	1	8	0	1	5	14	2	15	3	3	13	1	9	3	2
"338"	1	21	6	6	1	18	7	4	0	2	15	4	342	0	4	5	5	1	8	8	5	6	17	2	1	0	0	6	6	50	13	4	6	7	7	23	4	48	9	186	3	11	22	19	7	15	11	0	0	5	1	7	0	7	2	3	2	4	2	4	13	2	0	4	5	5	1	31	6	1	59	42	4	9	20	9	0	3	14	28	5	1	59	6	5	0	5	0	6	3	10	5	12	7	5	13	0	6	5	3
"343"	13	23	3	15	8	21	7	7	0	3	12	1	325	5	2	12	2	1	4	9	3	3	7	4	1	5	0	2	6	47	14	5	2	10	1	31	2	45	9	204	1	5	16	12	7	9	5	0	0	4	3	2	0	6	0	2	2	2	4	6	7	1	0	9	12	3	2	28	16	2	62	44	3	4	25	10	0	1	16	38	7	0	74	4	10	0	9	3	3	3	12	5	9	7	4	18	0	11	3	5
"355"	10	26	9	10	7	26	1	8	0	4	10	2	355	7	4	10	7	2	4	9	3	5	13	2	0	3	0	2	4	57	10	5	4	12	2	30	1	50	5	207	1	10	17	12	4	9	2	0	0	3	3	6	1	8	3	2	2	0	8	8	8	1	0	4	10	3	1	26	4	1	64	37	4	12	19	5	0	3	10	47	7	1	58	3	10	1	11	0	2	4	12	6	14	6	5	16	0	10	6	0
"357"	6	26	6	6	7	25	0	2	0	0	13	2	367	3	7	6	5	3	5	9	3	9	13	4	0	3	0	4	5	59	11	4	3	9	2	33	2	49	9	197	1	4	21	22	4	13	5	1	1	2	2	7	0	12	3	6	0	0	3	10	7	3	1	3	7	5	4	28	8	2	68	38	3	8	9	7	0	3	13	43	5	2	58	4	8	0	11	0	4	6	10	8	16	6	5	12	2	8	6	0
"378"	11	35	9	5	4	22	3	5	0	4	18	7	356	2	3	5	6	2	5	5	4	9	10	1	0	0	0	0	3	54	11	5	5	10	1	24	1	55	10	191	3	3	17	6	3	9	4	0	0	2	2	6	2	14	2	6	2	0	2	8	6	2	1	4	11	3	2	29	5	2	58	30	1	2	28	8	1	2	5	36	4	1	66	1	14	0	6	0	3	6	14	4	17	9	5	19	1	11	9	4
"385"	10	38	10	10	8	24	2	4	0	0	8	7	351	5	10	4	3	0	5	8	1	3	11	3	0	2	0	5	6	48	10	6	4	8	1	20	4	44	9	183	3	3	16	10	8	13	9	0	0	4	1	5	0	13	1	1	1	3	6	3	15	1	1	5	12	2	7	23	7	2	50	27	3	1	20	8	1	0	10	37	4	1	72	3	9	1	7	0	5	8	12	3	16	8	1	14	0	8	6	6
"389"	9	36	13	6	6	24	1	9	0	1	17	2	365	1	6	3	4	2	6	6	2	6	9	1	0	4	0	4	5	55	6	3	4	12	3	29	1	37	10	185	0	4	15	10	4	11	6	0	1	3	3	5	0	6	3	3	1	1	5	12	6	2	2	9	6	6	4	18	8	0	63	25	3	10	19	11	0	2	11	35	6	1	81	5	8	0	6	2	3	8	15	9	15	8	3	10	1	10	5	3
"395"	6	31	6	9	8	28	4	4	0	2	21	4	378	1	4	2	2	2	3	13	7	9	7	1	0	1	1	6	4	60	9	2	4	7	6	22	4	48	17	181	1	6	9	15	5	16	3	0	0	1	1	8	2	7	0	6	3	1	7	4	11	1	3	6	6	0	3	26	6	1	53	26	1	6	24	12	0	1	4	26	6	0	80	3	4	3	6	0	3	10	12	5	14	3	6	12	0	5	6	4
"411"	6	25	6	9	7	21	3	9	0	2	15	5	365	0	5	7	4	5	2	8	4	7	10	2	0	1	0	4	4	52	15	1	3	5	3	21	3	52	13	189	3	7	15	20	4	13	5	0	1	3	5	6	2	9	2	6	1	3	3	10	13	0	2	3	10	3	4	26	4	0	50	30	4	4	21	11	0	2	13	24	7	1	68	4	9	1	8	2	4	5	13	5	11	7	7	18	2	7	5	4
"416"	6	23	5	7	9	24	2	4	2	3	10	0	347	3	8	4	7	3	8	12	5	3	13	4	0	3	0	4	11	56	11	4	4	7	4	19	2	54	9	197	0	4	16	17	5	13	10	0	0	4	4	7	0	6	2	4	0	3	2	3	9	3	0	6	11	4	0	31	4	4	55	25	5	6	16	12	0	0	11	20	6	0	79	4	10	2	7	0	1	9	10	6	14	3	7	12	0	6	6	5
"440"	8	27	8	9	9	27	2	2	0	3	16	2	325	0	3	3	4	2	3	14	3	2	14	4	3	2	0	4	7	62	9	0	7	9	7	14	5	59	9	203	3	3	10	21	3	27	12	1	0	5	5	10	0	9	3	1	1	2	7	7	5	2	1	11	8	3	6	26	9	2	51	29	6	13	16	5	0	0	10	38	4	1	57	2	8	3	2	0	3	4	12	2	12	5	5	13	0	6	8	6
"446"	5	27	6	4	5	24	3	3	0	3	15	4	319	4	4	13	5	4	4	10	5	7	15	2	1	2	0	3	5	62	19	6	4	8	3	22	4	61	10	213	2	2	20	9	6	15	5	0	2	2	1	5	3	2	2	2	4	1	4	4	12	0	1	1	9	5	4	23	12	1	39	22	4	12	28	10	0	4	8	35	8	1	55	3	9	0	5	1	4	8	15	2	12	6	1	9	0	6	4	6
"459"	5	33	16	10	3	21	4	5	0	0	20	2	326	1	7	11	4	2	6	13	7	7	13	0	0	1	0	2	2	54	6	8	4	7	5	26	6	43	15	217	1	9	16	11	6	17	9	0	2	4	2	1	2	10	2	7	0	1	4	8	12	3	1	6	9	3	4	26	6	0	44	31	4	9	18	10	1	2	11	32	6	0	70	3	6	0	7	0	0	4	6	5	20	3	2	12	1	8	3	6
"464"	7	38	10	7	8	27	1	4	0	1	20	1	340	3	3	6	4	2	3	12	2	9	7	4	0	4	0	2	0	59	9	2	0	14	2	26	1	47	13	217	3	10	15	22	8	12	6	1	1	0	1	3	2	11	1	6	3	2	4	6	7	2	1	6	8	3	4	23	4	0	61	35	5	1	12	9	0	2	9	28	7	1	68	5	7	1	8	1	2	6	9	2	17	6	4	9	0	6	8	7
"465"	4	42	13	5	8	28	2	2	0	2	20	2	347	4	1	5	5	2	1	11	6	5	14	3	0	3	0	3	7	54	7	3	4	10	0	31	3	44	14	222	3	9	12	26	3	14	4	0	1	1	2	5	1	8	0	2	2	4	2	7	6	1	1	5	11	2	3	23	7	3	57	32	3	1	16	9	0	3	7	26	2	2	66	4	9	0	8	0	3	4	9	4	16	3	6	17	1	10	6	6
"474"	5	31	10	9	2	23	0	7	0	1	12	3	307	3	10	9	2	0	4	11	3	5	9	3	0	1	1	4	3	54	15	5	5	9	3	23	4	50	10	232	3	7	21	23	9	11	5	0	0	2	2	4	3	6	2	1	1	1	2	7	7	1	0	3	13	3	4	33	5	0	49	28	5	5	24	8	0	4	6	28	7	2	63	2	7	2	7	0	2	9	19	3	9	6	3	16	1	10	6	5
"476"	7	29	13	15	4	19	2	9	0	3	9	1	301	0	11	8	4	0	7	12	1	6	10	3	0	0	0	5	4	60	14	4	5	9	6	19	0	56	10	231	2	11	20	15	5	16	4	2	0	1	2	5	2	8	2	2	3	3	3	2	10	2	0	1	11	2	3	38	5	4	45	33	1	6	23	11	0	3	12	29	4	0	62	3	7	0	6	0	4	6	14	6	9	6	7	11	0	11	8	4
"490"	10	30	2	8	5	21	0	3	0	2	18	3	301	3	6	9	5	3	5	9	5	4	16	3	0	2	0	1	6	49	15	8	3	12	4	19	1	55	6	258	0	8	19	14	2	6	7	0	1	2	0	10	1	9	1	3	1	3	1	6	9	2	0	7	9	4	1	40	6	2	54	28	0	7	22	7	0	3	6	30	4	0	74	2	7	0	1	0	3	7	8	8	9	4	9	15	0	6	5	2
"498"	10	30	7	11	6	27	0	4	0	1	18	2	308	0	3	5	7	1	5	8	2	7	12	3	0	3	0	4	6	60	5	3	1	9	5	35	2	54	12	247	1	6	24	13	3	9	5	0	2	5	1	6	0	8	0	4	1	1	4	5	9	1	1	3	15	2	3	29	6	4	60	26	1	6	22	4	0	3	7	33	3	1	74	3	16	2	10	2	1	7	8	3	13	4	3	8	1	7	7	2
"505"	5	34	14	6	6	22	2	3	0	5	16	0	313	2	6	9	3	3	4	6	4	4	11	1	0	2	0	1	4	75	7	4	2	9	7	25	4	48	12	236	4	7	15	11	6	9	8	1	0	7	1	6	0	8	5	8	1	0	7	8	17	0	0	6	3	4	3	27	5	0	65	22	2	3	21	13	0	2	17	28	3	2	61	4	8	0	3	1	3	6	10	5	12	7	7	17	2	3	5	0
"514"	3	44	12	6	8	20	3	2	0	1	15	3	308	0	2	3	7	1	8	8	3	3	8	4	0	4	0	5	3	55	6	7	6	6	4	23	0	51	10	228	0	7	17	15	8	8	7	1	0	3	2	6	2	10	3	6	3	1	4	4	8	0	0	2	4	3	3	33	9	0	51	24	6	6	28	7	0	3	14	16	7	6	75	3	10	1	8	0	5	6	9	5	13	10	4	15	0	6	4	4
"518"	9	42	12	10	5	18	2	3	0	3	16	6	314	3	4	6	6	2	8	9	3	1	5	1	1	1	0	4	5	46	8	6	2	20	2	28	2	53	11	225	2	7	19	16	7	10	4	0	0	4	2	6	3	5	3	5	3	2	2	2	9	1	0	6	6	3	5	29	8	1	46	23	4	9	25	9	1	2	13	17	9	1	72	2	11	0	11	0	1	7	14	2	17	5	8	12	1	8	7	4
"524"	4	28	5	11	9	18	2	4	1	1	14	0	315	6	2	5	3	2	4	6	4	3	9	6	1	1	0	2	5	42	11	5	2	10	2	24	3	57	11	226	3	0	16	10	11	14	6	0	0	3	4	3	1	12	0	5	0	0	5	10	11	0	2	4	7	5	2	32	9	3	65	30	3	8	16	17	0	6	8	14	3	0	78	6	10	0	9	3	9	6	13	5	13	8	4	14	0	14	6	2
"536"	2	26	16	3	1	22	3	5	0	4	13	2	288	0	4	7	4	1	4	7	2	4	18	4	0	2	0	5	6	63	5	5	5	10	1	19	2	44	13	229	4	7	25	21	7	21	6	0	0	3	2	3	0	12	3	8	2	2	6	6	10	1	2	5	11	2	2	25	5	0	64	34	5	10	22	15	0	2	15	12	7	3	75	3	5	1	3	3	0	8	13	4	10	4	4	9	0	7	10	3
"543"	6	21	7	6	4	18	3	7	0	3	12	3	303	3	7	12	4	2	5	13	4	3	11	5	0	1	0	1	6	63	12	3	4	10	4	23	4	38	9	215	1	4	25	15	9	23	6	0	1	6	2	4	2	6	3	4	5	0	6	2	9	1	4	5	3	5	1	35	9	1	51	34	3	8	24	9	0	2	9	22	4	2	69	2	8	0	5	1	1	10	18	4	8	7	4	16	0	4	7	4
"547"	3	23	4	5	4	19	2	4	0	3	13	1	314	0	2	4	8	4	5	12	7	6	12	7	0	1	0	6	5	64	10	4	5	9	3	35	2	37	15	203	4	6	20	16	4	16	2	0	2	3	2	6	1	8	2	6	2	1	9	4	17	1	2	4	13	4	3	36	4	2	53	31	4	4	27	7	0	3	14	24	3	1	86	5	9	0	8	0	2	5	14	5	9	4	7	9	1	5	9	4
"549"	7	26	9	4	5	18	2	3	0	1	14	3	307	5	4	8	7	4	1	14	5	4	11	3	0	1	0	3	8	62	13	6	4	7	11	32	0	38	9	204	5	8	20	15	11	13	3	1	2	3	3	4	2	9	1	2	0	0	3	5	12	5	2	4	5	3	0	36	10	3	56	36	2	4	29	5	0	1	12	22	6	0	86	4	8	1	10	2	2	7	15	3	10	6	6	16	3	5	8	2
"555"	12	33	10	10	7	10	3	2	1	2	11	1	307	4	2	6	5	1	5	8	3	4	11	3	0	0	0	2	6	69	6	9	6	4	5	32	1	34	9	186	0	7	17	21	5	14	7	0	0	2	1	3	0	10	1	6	2	2	4	9	14	0	1	5	13	2	6	37	9	2	52	25	6	5	31	13	0	5	14	18	6	1	86	2	12	1	11	1	2	6	6	2	8	7	5	8	1	7	5	2
"559"	6	28	12	8	4	16	2	4	0	4	12	0	317	2	4	5	1	1	8	11	2	5	12	4	0	1	2	2	10	77	13	5	4	12	2	28	0	35	11	188	3	6	20	18	3	11	5	0	0	7	3	1	1	6	2	3	0	5	1	5	13	1	3	3	12	4	5	32	11	2	58	32	1	7	27	10	0	4	16	16	3	2	81	4	6	1	10	1	6	7	17	3	12	11	8	6	0	6	3	1
"561"	8	28	8	10	4	19	2	14	0	2	11	2	312	0	2	12	9	0	9	8	4	4	12	5	0	0	0	5	7	74	10	4	1	6	7	23	1	37	11	189	2	6	15	14	4	12	4	2	0	8	1	0	2	3	1	3	4	2	4	5	12	2	3	5	13	2	3	32	9	2	55	31	7	1	16	9	0	3	10	17	7	0	82	8	10	1	11	1	4	3	14	2	12	10	2	11	0	8	5	1
"567"	6	18	2	9	6	16	3	6	0	1	11	5	313	5	2	12	7	2	4	13	1	7	7	3	0	0	1	5	7	73	13	7	5	4	2	30	2	41	15	194	0	6	15	18	5	10	6	0	3	4	0	3	1	13	0	8	5	3	8	8	13	1	2	4	2	4	3	28	10	2	52	26	1	7	27	12	0	5	13	13	2	3	77	7	8	1	8	0	6	4	11	5	12	2	4	17	1	5	6	3
"573"	8	35	13	12	6	19	1	2	0	0	21	4	320	3	3	15	7	3	7	7	2	7	14	2	0	4	0	5	2	71	17	1	7	10	3	29	7	43	8	176	5	5	17	7	3	22	14	0	0	4	2	14	1	7	0	10	3	2	3	5	13	0	0	3	13	2	3	29	10	2	55	31	4	6	28	9	0	5	10	12	8	1	73	3	5	1	4	0	4	1	7	6	11	7	4	12	1	8	6	1
"574"	11	28	10	10	9	19	1	5	0	3	20	4	324	1	2	12	8	1	7	9	1	4	12	4	0	3	0	2	5	67	13	3	5	8	3	27	10	42	10	170	5	2	20	6	5	20	9	0	0	2	2	12	1	10	1	12	4	2	0	1	7	0	0	6	11	3	7	26	15	0	55	31	2	6	28	8	0	6	6	13	1	1	71	4	5	2	6	0	2	1	15	8	9	5	5	13	1	6	2	1
"575"	10	29	9	9	7	22	2	6	0	1	16	4	326	1	3	12	6	3	7	6	3	2	10	5	0	2	0	2	7	68	18	3	1	8	4	29	6	40	11	171	4	1	18	14	5	15	7	0	0	1	2	8	3	10	0	11	3	1	3	5	13	2	0	8	11	4	3	26	7	1	54	31	0	8	27	6	0	6	7	13	7	2	69	5	7	0	9	2	4	4	14	4	10	7	7	10	1	6	4	2
"601"	9	41	5	9	10	17	2	4	0	3	9	1	355	1	5	4	3	2	4	13	2	7	3	4	0	1	0	3	6	75	14	8	4	18	2	23	1	32	8	175	2	2	16	16	6	11	11	0	0	0	2	8	1	3	1	7	1	1	4	9	9	2	0	4	7	4	8	30	10	1	66	26	2	10	23	9	0	3	15	19	5	1	64	2	6	1	9	1	1	8	9	4	14	7	4	14	0	5	1	3
"612"	5	31	16	5	9	12	1	2	0	1	12	2	362	0	3	8	5	0	3	9	4	9	10	0	0	0	0	2	4	64	7	7	6	9	4	26	5	32	10	181	1	2	13	19	5	18	3	0	0	5	1	3	1	9	3	6	2	1	6	9	18	2	2	5	9	5	3	31	6	1	81	27	1	2	18	11	1	5	4	17	3	0	70	5	10	0	5	0	2	7	7	3	8	10	10	13	1	12	7	2
"624"	10	30	8	11	3	14	2	4	0	3	16	2	359	0	9	4	4	1	8	8	4	5	18	3	0	2	0	5	9	52	12	4	5	14	8	24	2	37	8	162	2	7	21	20	5	19	8	0	0	4	1	5	0	7	1	6	1	3	4	6	9	1	1	6	9	3	4	25	7	1	66	30	1	1	25	12	0	1	6	19	5	0	75	6	10	2	3	2	3	5	9	4	7	6	11	12	1	8	7	2
"647"	3	31	5	6	7	23	2	2	0	1	10	6	328	4	6	8	4	3	5	11	4	3	13	4	1	1	0	5	11	43	9	6	2	11	5	28	3	42	11	173	3	5	23	16	14	19	9	0	1	1	4	9	1	8	1	7	0	0	4	13	11	5	2	0	8	3	4	29	8	2	61	39	0	5	32	12	0	4	12	27	6	0	57	4	6	0	7	1	0	9	8	2	8	5	5	16	3	7	7	4
"656"	9	24	13	7	7	22	0	5	0	4	11	1	378	0	1	11	6	3	3	4	4	7	11	3	2	1	0	5	9	50	13	3	2	5	11	23	2	40	12	181	2	5	17	12	6	17	8	0	1	5	2	6	2	13	0	5	3	0	3	9	11	3	2	2	10	1	4	25	10	0	58	44	4	4	19	14	0	4	14	32	1	1	52	3	10	1	8	2	1	12	11	3	8	4	6	5	0	12	4	2
"680"	10	34	7	13	2	31	0	8	0	4	14	2	388	1	5	9	5	1	8	7	2	9	7	3	0	3	0	5	7	49	11	5	5	5	4	33	1	48	5	178	1	8	9	11	2	16	5	1	0	1	5	3	1	9	2	7	0	1	7	7	11	2	1	5	17	3	2	36	10	1	50	30	4	4	14	6	2	1	5	24	2	1	67	3	8	0	12	1	2	4	14	3	11	4	4	5	0	7	5	4
"697"	13	26	8	6	5	18	8	8	0	1	21	3	362	2	2	8	4	5	8	11	2	4	15	3	0	0	0	4	4	61	11	5	5	9	0	28	2	38	8	168	2	4	22	16	6	15	5	0	1	4	1	5	2	11	2	5	2	3	2	6	14	0	0	4	12	3	2	27	8	4	52	40	5	7	24	14	0	2	14	23	7	3	72	1	4	2	5	1	1	9	7	8	12	2	6	12	1	9	8	2
"700"	5	32	12	8	2	20	6	7	0	2	20	2	361	3	1	8	2	1	5	9	3	3	7	1	0	0	0	3	8	68	13	3	3	16	6	32	2	41	8	168	2	6	16	18	6	8	6	0	0	6	1	6	3	10	2	7	2	1	5	7	18	1	0	4	6	4	3	31	5	0	50	33	4	2	23	8	0	0	12	23	5	1	73	3	13	2	4	0	2	6	17	6	17	7	11	18	3	3	5	3
"711"	8	33	8	8	4	21	2	7	0	4	12	3	356	3	4	7	7	1	5	13	2	3	13	1	0	3	0	3	5	65	10	6	5	8	7	20	2	46	8	183	2	6	14	15	6	10	11	1	1	6	3	5	1	9	0	3	1	5	4	7	9	2	2	2	9	5	6	40	13	0	43	41	4	3	25	7	1	2	8	25	6	2	68	5	12	1	3	1	2	7	12	1	16	9	11	15	1	4	4	5
"716"	7	35	8	10	4	16	5	8	0	3	8	1	353	1	4	7	4	2	6	11	0	6	9	2	0	1	0	3	6	64	10	4	3	11	6	27	3	45	8	183	3	4	18	17	5	12	7	0	0	2	4	4	3	2	2	5	1	3	4	4	8	1	0	9	11	3	3	33	6	3	41	41	2	4	20	8	0	2	7	25	5	0	80	2	4	0	5	1	4	4	17	2	20	11	6	17	0	5	3	1
"730"	12	21	10	6	4	32	4	6	0	3	18	2	349	2	3	10	5	2	5	15	4	5	7	2	1	1	0	3	7	49	12	6	4	12	5	27	0	38	5	185	3	7	21	13	8	21	5	0	0	3	4	9	1	7	3	2	0	3	4	7	10	1	0	4	10	1	1	34	5	1	39	42	3	9	17	14	0	2	13	22	5	1	65	3	9	1	9	2	2	7	11	4	18	14	5	16	1	4	4	7
"733"	9	24	7	8	10	31	4	6	0	6	19	4	352	4	5	7	4	4	7	7	1	2	12	1	1	5	0	2	6	48	11	6	2	7	2	27	1	41	8	180	4	6	22	13	8	21	3	0	0	2	3	6	4	11	4	2	3	2	4	2	15	3	0	2	5	3	1	32	9	2	45	41	4	7	29	13	0	3	12	21	4	3	58	3	7	0	9	1	1	10	9	4	16	5	5	14	2	10	8	4
"752"	12	28	8	15	8	22	3	4	0	0	10	2	349	1	7	5	5	2	4	3	6	5	7	4	0	3	0	5	6	53	7	4	5	5	8	18	4	39	9	196	1	2	21	11	9	18	4	0	1	3	3	8	0	8	3	4	2	1	3	6	9	1	0	8	8	7	5	27	7	2	60	32	2	5	19	6	0	2	23	22	8	2	74	1	11	1	6	1	5	6	15	2	11	10	2	13	0	7	5	2
"756"	4	26	7	9	7	22	0	5	0	0	19	4	353	5	2	6	3	2	11	5	0	5	9	5	2	2	0	2	4	56	12	2	3	9	1	20	1	39	15	204	3	1	22	14	8	12	5	0	0	5	4	7	0	9	2	4	2	0	3	8	12	1	3	6	9	4	3	30	12	1	62	31	2	7	18	9	0	4	13	23	4	1	76	4	11	1	8	0	3	6	14	3	10	12	6	13	0	8	4	4
"766"	13	32	7	11	5	19	1	5	0	2	15	2	336	4	5	9	6	3	7	3	2	12	5	3	4	2	0	0	3	55	13	5	7	15	6	19	3	37	6	219	0	7	23	26	10	19	4	0	0	5	2	5	1	5	1	4	4	0	6	7	5	2	1	4	13	6	0	27	10	1	65	30	2	8	23	11	0	3	7	23	5	2	54	3	7	0	11	0	4	6	10	1	8	6	4	12	1	11	6	3
"768"	9	35	5	11	6	23	1	4	0	1	13	2	360	2	7	3	2	6	4	7	3	7	4	2	1	1	0	4	8	44	22	5	2	7	4	19	1	37	8	211	1	1	29	15	12	18	9	1	1	4	3	6	2	4	3	2	2	0	6	6	11	1	1	1	11	4	4	28	9	1	55	37	2	6	23	8	1	1	7	24	4	1	63	5	6	0	9	1	4	8	17	3	9	7	6	11	4	13	5	6
"769"	7	30	4	10	5	22	2	7	0	2	11	0	350	4	3	10	3	7	6	10	0	5	7	2	1	2	0	5	4	48	16	7	1	6	3	22	3	38	9	211	0	2	29	14	8	17	8	3	1	4	4	3	4	8	0	3	0	0	2	6	9	1	1	3	11	6	3	28	10	2	54	37	4	4	19	9	1	3	7	25	9	0	59	4	10	0	8	1	4	8	15	1	8	5	7	8	1	14	9	9
"778"	10	32	6	8	4	18	2	4	0	2	12	2	339	1	9	11	4	2	6	8	1	3	10	1	0	2	1	2	9	50	12	3	5	6	4	27	2	43	11	198	2	3	26	15	6	16	3	0	0	3	4	3	0	5	0	7	1	2	4	3	9	1	1	4	13	2	4	29	6	5	51	47	2	11	27	9	0	0	10	25	4	3	50	1	6	0	4	0	2	8	10	9	14	7	3	12	1	6	10	4
"785"	3	43	7	10	3	18	1	6	0	0	15	3	344	0	9	7	6	3	2	9	4	4	12	4	1	1	0	4	6	60	12	3	4	8	4	21	2	36	10	201	2	5	13	13	11	12	9	0	0	5	3	1	1	6	4	4	3	1	2	6	9	1	3	4	6	4	1	39	5	0	61	41	1	7	20	10	0	1	12	12	5	1	69	6	14	0	6	0	0	11	14	1	10	6	4	22	1	11	6	2
"787"	9	37	8	7	2	12	2	8	0	1	17	2	343	0	2	7	10	3	5	11	5	4	11	4	1	2	0	3	5	57	15	6	1	7	4	20	6	39	7	193	1	4	11	13	11	15	10	1	0	2	1	3	2	8	5	2	3	1	4	4	6	1	1	7	9	7	6	39	5	0	70	42	6	8	21	9	0	1	2	13	4	1	69	4	15	1	8	1	4	15	14	5	10	5	8	18	1	5	7	2
"791"	4	37	9	12	12	22	1	2	0	0	18	1	338	4	5	6	3	0	7	6	4	5	14	2	0	2	0	3	5	54	10	5	4	16	6	19	4	42	12	186	4	3	15	17	6	16	3	0	1	2	1	10	1	11	3	0	2	1	3	3	11	1	4	4	9	4	2	44	7	1	69	42	6	5	25	7	0	1	7	12	7	2	64	8	13	2	8	0	3	16	11	3	10	4	4	11	0	5	8	3
"799"	8	33	12	8	8	24	2	8	0	3	10	4	327	1	3	5	4	0	6	11	6	4	10	3	0	2	0	4	7	60	10	4	3	21	6	23	2	50	9	187	3	6	17	9	6	14	6	0	0	2	1	5	1	4	2	2	3	4	2	10	11	5	1	4	9	7	5	31	7	0	59	35	1	6	24	6	0	0	8	21	7	0	79	1	7	0	9	1	3	3	14	4	13	5	8	16	1	9	7	3
"804"	4	31	5	8	9	19	3	5	0	1	18	4	354	6	2	6	6	2	6	15	1	10	11	3	0	2	0	2	5	64	6	3	2	7	2	19	1	59	13	198	3	3	13	7	4	15	3	0	1	4	2	3	0	15	5	5	2	2	4	5	14	3	0	6	12	5	3	33	8	3	56	32	8	9	23	8	0	2	4	24	8	0	80	2	11	0	3	2	3	9	7	4	11	7	5	11	0	5	2	3
"823"	7	33	6	6	10	23	5	7	0	1	13	4	344	3	8	9	5	4	5	11	2	1	13	3	0	3	0	3	6	65	11	3	8	8	1	29	1	46	10	170	2	9	12	20	6	24	5	1	0	1	1	5	1	6	0	2	4	1	2	6	10	2	0	5	8	3	1	35	11	1	52	35	4	7	31	15	0	2	7	25	5	3	58	5	9	0	2	0	1	6	8	6	14	10	8	16	1	8	6	2
"828"	8	34	13	10	7	18	5	4	0	3	12	3	348	3	4	9	8	4	6	8	2	4	11	3	1	5	0	4	10	64	8	3	5	11	4	20	1	37	9	172	4	3	13	13	6	19	4	1	0	2	1	6	1	5	1	4	2	0	6	4	10	0	2	5	4	2	8	32	9	0	47	38	4	6	18	6	0	1	7	25	7	2	56	8	8	0	5	1	5	5	15	4	19	7	7	16	0	13	6	5
"835"	11	38	6	10	9	13	4	9	0	2	19	1	356	5	6	7	2	2	6	16	1	5	10	0	0	2	0	3	7	58	4	8	5	9	4	26	3	46	13	169	5	1	14	15	5	19	7	0	3	2	2	2	3	3	1	7	0	1	5	10	7	5	0	4	5	2	3	32	3	0	45	42	3	6	19	11	0	3	10	23	5	1	70	6	5	0	5	1	0	11	12	9	16	11	6	18	1	8	8	3
"839"	5	41	8	9	5	15	4	5	0	5	15	1	353	10	5	10	4	0	4	12	2	4	12	3	0	1	0	3	5	61	15	9	2	13	4	32	6	46	6	171	1	5	28	19	3	12	8	1	1	4	1	2	2	6	1	4	2	5	5	10	8	3	0	3	7	2	7	22	16	1	58	31	2	3	19	2	1	4	10	23	2	3	58	0	7	1	9	0	1	11	16	2	11	7	2	16	0	8	6	3
"845"	8	36	6	8	7	10	5	7	0	2	21	4	372	2	0	6	4	2	12	7	5	9	7	0	0	2	1	1	6	64	14	3	3	6	9	29	2	41	11	156	0	4	19	25	16	14	2	0	0	3	1	8	1	7	1	3	1	4	6	5	6	0	1	4	15	5	0	26	8	2	60	25	5	7	21	7	0	0	10	24	5	2	68	3	5	1	9	0	8	9	9	5	11	6	2	16	0	6	3	0
"856"	2	41	8	5	10	12	5	6	0	3	23	7	327	5	7	3	4	2	9	16	1	4	7	3	0	4	0	4	6	60	11	2	3	11	4	24	0	48	11	173	1	9	17	17	6	18	4	1	0	3	4	6	1	7	4	2	0	2	7	4	9	3	2	4	13	3	1	25	4	1	65	35	3	10	23	12	1	3	8	24	1	1	73	5	11	2	7	1	0	10	9	5	11	2	6	10	0	13	3	1
"865"	7	29	6	8	5	23	1	7	0	1	16	4	349	2	2	4	2	2	6	8	1	5	7	3	0	1	0	5	7	52	14	8	4	6	8	19	3	46	6	175	0	2	17	17	6	12	8	2	0	4	4	3	1	3	1	3	1	1	5	5	5	2	0	6	8	3	3	33	6	2	60	40	4	3	25	9	0	4	6	33	2	2	74	2	7	1	5	1	2	4	7	5	15	8	6	11	0	9	10	1
"875"	6	30	7	10	7	24	5	4	0	2	14	6	325	2	6	8	7	1	10	7	4	12	12	2	1	1	0	4	7	56	19	2	6	11	2	22	3	39	11	174	1	4	15	15	5	19	5	0	0	2	3	3	1	6	3	7	0	2	5	4	14	2	0	1	10	5	1	42	11	0	55	39	0	4	21	16	0	4	8	18	3	1	68	4	7	1	6	2	4	6	13	6	16	5	1	14	0	10	4	1
"885"	7	33	15	5	6	24	3	10	0	2	12	3	329	1	4	4	3	2	4	15	0	7	14	3	0	4	0	2	4	67	12	1	8	7	1	26	2	36	14	169	1	4	14	12	3	12	8	0	0	5	1	1	0	6	2	2	0	0	4	10	10	0	0	5	10	7	4	36	3	1	59	36	0	7	23	7	1	0	8	17	8	1	72	4	9	1	7	0	3	3	15	6	17	5	6	12	1	9	8	4
"890"	8	28	23	6	6	24	2	6	0	2	17	4	345	2	3	2	6	5	9	8	2	6	10	1	0	5	0	7	5	64	11	4	3	13	5	28	1	41	5	165	3	4	18	13	5	16	3	1	0	4	3	7	0	8	1	4	0	1	7	2	7	0	0	5	9	3	1	28	3	0	76	35	5	2	29	12	0	1	9	18	5	1	85	5	9	2	5	3	4	8	11	3	15	5	8	12	0	5	4	3
"891"	12	28	16	5	8	23	2	4	0	0	15	2	335	3	3	3	9	2	2	6	1	2	11	3	0	2	0	7	4	67	13	4	7	11	6	30	1	45	5	167	1	3	25	13	4	17	5	0	0	3	4	9	0	9	0	3	2	3	4	12	10	1	0	6	8	3	1	28	7	2	72	34	2	4	24	12	2	2	8	21	7	1	86	4	11	0	2	2	4	3	9	4	15	3	7	10	0	5	5	2
"897"	10	26	8	8	2	20	1	2	0	1	15	2	363	3	2	5	6	2	7	9	6	3	10	3	1	6	0	5	4	58	10	3	4	10	2	33	3	32	14	176	1	7	22	17	11	11	7	0	2	4	3	7	0	5	1	7	1	3	4	1	9	1	0	2	8	5	3	27	3	0	75	31	0	3	15	2	0	1	10	20	3	1	95	1	8	1	8	0	4	2	8	7	16	4	4	14	1	4	7	3
"904"	5	31	5	10	7	25	1	5	0	1	12	4	330	2	6	6	7	1	3	4	5	7	6	1	1	1	0	4	5	61	7	7	1	6	1	26	4	28	11	173	3	7	17	20	8	14	10	0	2	2	0	5	4	15	3	8	2	4	5	4	3	3	1	5	8	4	0	32	4	2	64	30	1	5	17	11	0	2	10	29	7	0	93	6	8	1	6	1	1	5	7	1	14	5	12	13	0	12	5	3
"951"	11	27	10	8	7	24	3	8	0	2	13	3	332	0	5	6	3	2	4	11	2	0	10	5	0	2	0	4	6	55	11	4	5	12	4	21	1	61	12	208	3	6	23	18	7	9	6	0	0	3	3	4	0	9	0	11	1	0	2	9	6	4	2	6	17	3	2	31	9	2	57	26	1	7	22	11	0	3	5	16	5	2	58	6	9	1	10	1	6	10	13	6	10	7	2	10	0	5	8	5
"962"	3	41	13	6	9	22	4	6	0	0	11	2	353	2	4	5	5	1	5	6	1	9	10	5	0	2	2	7	9	53	9	5	5	10	7	20	2	57	14	194	2	5	15	9	5	11	4	0	0	4	4	8	1	7	3	4	2	2	4	4	15	4	0	6	9	7	2	32	5	2	60	26	4	5	24	7	0	2	14	19	1	0	51	6	14	0	10	0	2	4	13	1	13	3	7	19	0	5	7	2
"969"	6	32	8	10	8	25	5	5	0	1	16	2	355	3	2	8	2	3	2	9	0	4	12	1	0	0	2	6	7	45	15	11	4	10	3	26	2	47	11	198	2	8	23	15	10	8	6	0	0	3	4	5	1	6	0	4	1	1	3	6	9	3	4	3	11	4	2	39	13	3	56	27	4	10	22	6	0	0	11	19	9	2	62	4	11	0	7	1	3	9	12	5	7	5	3	15	0	7	6	3
"977"	8	26	6	10	9	24	3	7	0	1	9	0	370	0	6	4	5	1	8	15	3	6	18	0	0	2	0	4	8	50	13	5	7	9	3	36	4	38	8	198	1	3	19	12	6	17	4	0	1	5	4	8	2	7	3	5	1	1	4	8	6	1	3	3	10	5	3	37	5	1	57	33	3	3	14	5	2	0	12	20	7	2	70	7	6	1	8	1	2	6	5	2	7	7	4	9	0	3	6	1
"979"	5	28	8	6	8	26	2	5	0	1	10	1	368	3	4	8	8	1	6	11	5	5	15	0	0	2	0	1	6	54	14	5	8	8	7	32	4	44	11	194	3	4	15	22	3	12	5	0	2	6	4	9	2	9	1	5	1	1	10	7	7	1	2	2	13	4	1	37	0	1	57	34	3	5	20	4	0	0	10	17	3	0	67	7	13	2	9	1	3	7	11	7	8	7	8	8	0	6	6	0
"1004"	6	35	4	11	4	22	4	8	0	3	19	2	317	1	2	6	5	4	4	12	5	4	11	2	0	4	0	2	12	52	12	4	2	10	2	14	2	35	12	196	4	7	26	15	12	16	4	0	0	4	0	4	1	5	1	1	0	3	6	4	8	4	2	3	7	0	5	30	12	0	58	26	0	9	13	10	1	1	15	31	3	1	74	3	7	0	7	0	1	4	15	4	14	10	3	10	2	9	6	5
"1007"	9	33	7	6	6	22	4	5	0	2	8	4	316	2	7	7	7	2	4	11	7	5	10	3	1	2	0	4	4	48	11	3	1	15	6	20	3	37	11	192	1	5	22	19	5	11	9	2	1	1	2	4	0	7	2	3	2	2	5	5	10	1	2	4	12	3	7	26	12	2	49	26	1	6	20	10	1	1	18	28	8	2	73	2	8	1	7	1	4	8	11	3	16	6	10	11	1	12	0	4
"1021"	7	35	13	7	5	26	8	5	0	1	4	3	287	0	6	4	2	4	3	7	11	7	13	1	1	0	0	4	10	53	11	4	6	10	6	29	0	44	8	190	2	6	21	15	14	20	3	0	2	6	3	1	3	7	4	1	0	1	5	9	14	2	1	2	9	3	4	33	5	0	55	38	5	6	18	8	2	3	10	35	1	2	59	8	11	1	16	0	1	6	15	2	23	7	9	9	1	9	6	3
"1023"	4	38	12	6	5	25	5	10	0	4	14	2	293	2	3	12	4	5	7	7	3	9	13	1	2	2	0	4	5	48	8	3	4	16	4	28	1	44	9	190	1	9	15	15	8	18	4	0	2	7	1	1	1	10	1	5	3	1	2	3	13	2	1	11	6	2	9	31	12	3	44	39	0	9	21	13	2	3	14	32	8	1	70	1	5	1	9	3	1	8	11	7	15	9	5	9	1	8	7	3
"1024"	7	39	10	7	3	25	5	6	0	1	15	2	296	2	2	9	4	3	5	10	4	11	8	2	1	2	0	6	5	47	9	4	6	17	4	34	1	43	10	193	0	8	17	12	5	19	4	0	3	4	1	2	1	7	3	4	1	1	0	7	15	2	1	10	5	2	6	31	10	0	50	36	3	11	18	15	2	4	16	37	1	1	66	3	10	2	15	0	3	4	10	6	14	10	3	9	1	11	7	3
"1026"	7	35	12	4	6	25	5	3	0	2	11	1	290	2	8	6	2	5	11	11	4	7	17	2	1	4	0	2	5	45	12	4	6	14	3	32	4	43	13	191	2	9	17	14	6	19	6	1	2	4	2	7	1	9	3	8	3	2	10	6	10	2	1	7	8	5	2	29	13	0	49	34	1	9	22	7	0	5	5	35	5	1	76	5	13	1	11	2	0	5	13	4	10	5	6	10	3	10	4	4
"1036"	8	34	10	9	9	30	0	6	0	1	8	2	288	1	3	8	2	1	4	5	7	10	5	1	1	5	0	4	10	54	11	10	4	8	7	25	3	47	7	198	3	5	21	17	10	13	8	0	0	1	4	2	0	9	1	2	3	2	6	3	7	1	1	5	5	3	3	33	11	2	56	37	3	5	24	13	0	1	8	23	0	3	80	5	13	5	11	0	2	8	12	3	13	8	0	8	1	7	8	4
"1051"	7	30	14	10	6	22	3	4	0	1	12	1	327	3	3	7	5	0	6	12	3	5	9	3	2	0	0	2	8	55	7	2	1	7	4	23	4	43	8	206	2	6	16	12	6	12	5	0	0	2	5	1	2	14	1	3	1	3	3	4	9	1	0	8	6	2	2	28	10	1	52	30	5	5	23	12	0	1	15	28	4	1	85	5	15	0	19	1	1	3	18	4	12	8	5	11	2	11	6	2
"1056"	8	34	6	9	10	16	5	7	0	1	17	5	328	2	1	8	2	2	3	6	4	6	10	2	2	5	0	1	5	45	8	6	2	8	2	23	2	48	8	183	3	6	16	15	8	15	6	0	3	7	4	5	0	10	0	5	3	1	4	6	15	1	3	4	7	7	4	28	10	0	63	31	1	7	20	10	0	1	11	26	6	0	75	4	6	0	12	1	6	9	11	2	10	11	6	9	1	13	6	0
"1085"	8	38	8	11	7	27	5	4	0	3	14	1	332	0	2	9	2	3	17	12	2	6	10	3	1	2	0	4	8	53	18	2	6	10	5	29	2	55	13	182	1	5	15	16	6	22	6	0	0	2	4	3	0	5	2	3	3	2	5	6	8	0	2	6	4	4	2	25	4	2	60	26	2	7	24	10	0	2	12	23	4	2	66	1	4	2	11	0	1	3	12	5	16	6	6	10	2	9	6	6
"1088"	6	31	15	8	9	28	4	5	1	1	11	3	336	2	4	7	6	2	2	11	3	4	9	4	1	1	1	6	3	57	13	4	6	9	5	32	3	56	7	183	0	5	14	20	6	28	6	0	0	2	2	1	2	9	1	3	1	0	1	6	8	3	3	6	8	2	3	24	10	0	61	42	6	11	23	12	1	0	8	21	7	3	69	4	10	0	8	0	2	7	10	1	15	5	3	16	0	7	7	4
"1103"	7	32	8	13	7	20	4	2	0	3	11	3	313	0	3	11	9	1	3	12	3	5	21	6	0	2	0	0	4	53	13	4	2	12	3	25	4	56	21	185	1	3	18	10	4	14	4	0	1	1	2	6	3	5	1	3	1	0	4	3	11	5	2	4	5	5	6	29	6	1	46	36	7	12	17	6	0	0	16	36	4	1	83	7	7	2	5	0	5	3	14	6	9	7	1	11	0	7	5	0
"1121"	5	39	4	10	7	22	0	3	0	1	10	2	331	2	9	7	5	1	5	12	2	3	9	4	0	2	0	4	7	61	12	6	6	12	4	15	2	50	10	191	1	4	18	11	7	8	5	1	0	3	3	4	1	5	2	2	1	1	3	4	5	2	3	5	7	8	3	34	3	2	50	30	2	7	14	15	2	1	10	30	7	1	68	6	11	1	7	1	1	5	12	5	12	4	3	16	1	10	1	4
"1138"	5	36	4	8	4	25	2	4	0	2	15	1	309	6	3	4	2	1	5	10	6	5	9	7	1	6	1	2	4	51	6	9	4	11	5	26	8	55	9	188	1	11	14	21	1	19	5	0	2	3	5	10	3	5	1	8	2	0	4	4	12	1	3	6	14	2	3	33	8	1	50	31	1	2	25	8	0	0	10	22	7	2	58	10	9	0	8	0	3	9	16	1	14	2	2	16	0	5	6	3
"1160"	11	42	10	7	4	14	2	4	0	2	17	2	299	2	5	2	3	1	6	13	5	5	15	3	1	1	0	4	7	77	13	2	5	9	9	31	2	60	7	191	6	6	33	11	11	8	4	0	0	7	4	5	1	6	2	7	2	0	5	6	7	3	1	5	3	4	3	22	3	3	51	38	1	5	17	8	0	1	7	30	8	0	62	6	6	0	8	2	2	8	9	6	13	8	3	13	4	5	3	5
"1212"	3	45	11	4	6	24	6	3	0	1	18	0	336	3	4	3	8	1	7	6	3	2	5	5	0	0	0	4	8	65	14	6	3	10	2	24	5	56	9	182	1	5	17	20	6	12	5	0	0	1	3	7	0	11	3	4	1	2	3	11	14	1	0	4	8	6	2	30	11	2	53	29	6	4	24	9	0	3	11	23	6	0	70	9	10	0	11	2	5	6	9	2	5	4	6	10	0	10	10	4
"1215"	6	40	12	14	6	23	10	5	0	1	18	2	332	5	4	7	7	3	5	11	4	3	13	3	0	2	0	0	8	64	10	3	5	10	6	28	5	57	10	183	1	6	14	18	8	14	6	0	0	1	3	7	2	8	1	5	2	2	6	5	7	0	1	6	11	2	2	28	6	3	53	28	1	7	22	7	0	3	18	19	7	2	71	7	4	0	7	0	1	7	17	7	5	3	7	12	0	7	5	5
"1218"	10	41	11	7	5	26	7	6	0	4	20	3	338	1	6	2	4	1	7	11	4	5	9	4	0	1	2	2	7	68	9	0	1	11	5	30	4	53	16	178	2	8	15	20	7	14	9	2	0	2	2	4	2	11	1	10	3	0	4	2	15	1	0	3	10	6	1	25	7	1	51	32	4	6	11	6	1	3	5	20	8	1	72	3	11	1	9	1	1	8	11	6	3	10	5	17	0	8	5	4
"1227"	9	22	10	11	8	17	4	5	0	1	13	4	352	3	2	10	7	0	5	9	5	7	23	2	0	1	0	2	4	63	11	1	1	8	2	30	4	50	6	191	1	5	16	13	3	17	5	1	0	3	1	3	1	8	1	8	4	1	5	5	7	4	0	4	7	4	6	23	11	0	59	31	1	5	18	6	1	1	15	19	6	2	69	2	6	1	8	0	2	6	8	7	10	12	4	13	1	10	5	6
"1232"	7	31	5	7	7	19	2	5	0	2	21	3	342	3	5	8	7	1	6	19	2	6	11	1	0	3	0	2	7	62	10	6	2	10	1	41	1	50	10	175	1	5	19	12	3	21	4	0	0	0	2	3	1	9	0	4	0	3	6	7	13	1	0	6	8	7	6	19	10	2	59	35	4	8	17	9	0	1	11	22	4	1	62	4	7	1	6	0	4	5	12	5	11	13	4	16	4	9	9	4
"1238"	5	41	12	10	3	26	2	8	0	2	17	6	341	3	3	5	5	5	6	10	4	4	9	3	0	2	0	5	9	55	11	3	1	7	2	27	1	48	8	206	3	8	11	12	5	15	5	0	1	3	1	3	1	9	1	8	1	2	2	3	10	1	0	5	4	1	4	20	8	2	60	29	3	7	27	10	0	2	10	27	6	0	64	1	15	1	8	2	3	6	11	6	14	6	6	15	0	6	3	5
"1241"	7	44	15	5	3	23	5	3	0	1	16	3	344	7	6	10	5	2	7	12	2	4	6	2	0	2	0	3	4	60	12	5	1	13	3	26	3	44	8	202	3	4	14	12	7	11	6	0	0	5	2	3	2	12	0	2	2	2	5	6	9	1	1	3	8	2	3	19	10	1	53	31	3	6	24	8	0	0	10	24	3	0	59	7	6	2	5	0	2	9	21	4	10	7	5	17	0	8	5	3
"1244"	8	34	10	10	7	21	4	4	0	1	14	0	338	2	4	11	3	2	7	8	3	3	7	2	0	5	0	4	2	57	10	7	2	9	1	26	2	51	11	204	0	6	23	15	11	14	12	0	0	3	3	7	1	9	3	0	1	1	3	6	12	4	0	3	6	6	5	25	12	1	53	32	1	8	21	7	0	1	10	22	3	1	61	5	10	0	4	0	3	8	17	8	11	5	3	14	0	6	7	3
"1254"	6	38	6	4	12	23	1	7	0	2	20	1	343	5	4	7	1	4	9	12	5	8	9	2	0	0	0	2	11	49	9	4	6	8	2	21	2	44	11	203	1	4	14	12	5	17	10	0	2	3	3	6	1	8	1	2	2	2	5	4	12	5	2	1	14	2	5	24	5	3	48	39	5	10	16	5	1	2	13	24	3	3	47	7	12	2	2	1	4	11	19	6	10	3	2	20	0	9	5	4
"1280"	5	25	6	11	3	24	1	10	0	2	14	4	351	9	4	5	9	1	6	13	4	5	10	4	0	6	0	4	6	64	5	8	8	11	3	22	3	46	5	180	0	11	18	16	6	17	5	0	2	9	2	7	1	8	0	7	0	3	4	12	11	2	1	4	7	2	4	27	11	3	52	36	2	10	16	9	0	1	9	23	7	0	55	4	11	1	11	1	4	4	14	3	14	4	9	14	0	6	0	3
"1282"	4	26	8	7	9	27	2	5	0	0	13	3	348	2	5	13	3	4	4	14	5	3	13	1	0	2	2	1	9	71	6	5	4	12	3	24	3	50	7	172	1	7	16	15	10	13	3	0	2	4	3	9	0	10	0	7	1	1	1	4	12	4	2	4	6	2	2	32	6	1	42	36	4	11	16	7	0	2	13	24	4	1	59	7	5	2	6	0	5	6	13	4	13	7	3	15	0	5	2	4
"1293"	7	30	8	9	3	30	1	4	1	3	14	3	353	4	7	10	5	4	4	6	4	5	10	6	0	1	0	5	3	63	6	2	4	9	3	30	4	58	6	178	4	4	22	19	9	21	3	0	0	2	3	4	1	14	3	4	0	2	6	4	9	3	2	7	9	0	3	37	10	0	36	23	0	7	24	14	0	1	16	22	4	1	61	7	7	0	5	1	2	6	13	3	12	3	4	17	1	8	5	4
"1324"	4	34	9	6	13	19	6	7	0	1	10	4	322	3	0	7	5	4	11	3	0	6	12	4	0	2	0	3	8	53	11	3	2	5	5	26	0	45	6	169	1	6	23	15	7	7	4	1	1	4	1	5	1	8	5	6	0	1	1	4	9	3	3	4	10	6	6	24	7	0	56	44	2	9	25	9	0	1	10	29	4	2	89	7	9	3	9	2	7	9	12	4	9	7	10	10	1	9	8	1
"1336"	7	42	10	14	5	16	5	8	0	3	13	1	326	3	2	4	4	1	6	7	5	5	11	1	3	1	1	3	8	58	10	0	3	5	9	27	3	39	16	177	1	6	12	19	5	11	5	0	0	1	0	3	0	4	3	5	3	0	3	10	11	4	2	2	9	3	2	19	8	0	59	38	1	14	18	7	0	3	9	23	1	3	78	6	9	0	14	0	3	7	9	5	9	11	3	12	0	5	6	3
"1346"	3	25	4	8	4	20	9	11	0	8	11	0	341	1	4	10	6	0	4	12	2	3	12	2	0	2	0	2	6	66	9	7	1	10	4	28	6	47	11	177	2	7	14	16	5	24	1	0	0	3	2	3	2	10	2	3	0	2	3	6	10	2	0	5	7	4	1	28	8	0	60	36	2	5	18	7	1	2	10	32	6	1	73	4	7	0	6	1	2	2	9	5	10	3	4	14	1	4	6	2
"1353"	4	27	9	5	8	22	0	4	0	1	13	2	330	3	3	8	5	4	3	7	5	8	9	0	0	2	1	3	5	60	10	7	5	10	5	35	0	46	12	183	4	3	16	19	5	15	6	2	1	2	3	4	1	6	2	2	0	3	0	4	4	2	0	3	13	4	3	23	5	1	57	30	4	8	20	5	0	3	14	33	6	1	75	4	8	0	5	1	3	8	17	2	10	6	9	16	0	10	9	5
"1357"	8	26	8	7	9	20	1	5	0	2	14	6	329	3	3	6	1	1	6	11	5	8	8	4	0	2	0	2	9	55	8	6	3	12	0	17	0	46	5	182	3	6	14	12	7	17	8	0	2	5	2	6	2	10	3	4	3	1	6	7	6	1	4	6	9	5	3	26	11	2	47	42	1	11	26	8	1	2	9	38	5	1	76	8	6	0	11	1	5	7	16	2	11	2	4	14	1	9	9	6
"1369"	5	38	8	7	8	24	2	6	0	2	11	3	342	0	3	7	3	2	5	15	3	7	12	2	0	0	0	1	4	53	11	5	11	7	4	27	7	41	8	180	2	3	28	16	6	16	7	0	1	3	1	4	4	8	1	5	3	2	3	5	14	1	1	4	8	4	2	25	10	3	55	34	0	7	18	11	0	2	10	33	3	1	80	3	10	0	7	0	1	3	12	6	10	9	7	13	0	2	6	4
"1381"	6	26	9	15	6	27	1	5	0	3	9	6	331	1	4	7	9	4	7	3	4	4	10	1	0	1	0	3	7	62	14	4	10	8	4	21	8	48	7	177	0	8	24	13	10	10	8	0	0	6	1	5	1	11	1	2	6	3	3	2	15	3	1	4	7	4	3	23	6	0	51	42	4	4	23	15	1	2	7	34	8	0	55	5	7	1	12	0	2	2	5	5	15	4	5	15	1	10	2	2
"1386"	9	30	8	9	7	24	1	2	0	0	12	1	322	1	2	11	4	4	2	8	3	9	11	3	0	4	0	2	4	74	11	2	4	9	2	24	4	53	11	176	1	8	28	15	5	9	9	0	2	7	3	3	2	16	3	4	1	2	2	7	8	2	1	6	9	7	6	25	5	1	46	39	3	7	27	8	0	4	11	33	10	0	67	5	4	1	3	1	1	7	17	4	14	4	6	21	3	13	4	3
"1393"	4	36	8	9	8	27	3	7	0	2	15	2	312	5	5	13	9	1	8	10	2	4	13	4	3	0	0	1	4	68	13	5	5	7	5	21	3	43	9	191	2	4	20	15	6	13	3	0	0	6	4	6	1	7	1	8	0	0	2	6	8	5	0	7	10	5	1	28	9	3	45	34	4	3	13	9	1	1	6	28	6	2	86	4	4	0	10	0	1	6	11	4	9	4	5	8	2	3	7	5
"1396"	4	35	7	10	7	29	2	7	0	2	18	4	314	1	3	6	5	0	5	13	4	10	13	2	1	2	0	1	4	69	13	3	4	6	7	26	2	37	14	179	4	5	14	17	10	15	7	0	1	0	5	6	3	12	2	2	2	1	6	8	9	0	3	5	5	3	4	28	8	3	46	35	3	9	9	9	0	2	13	26	4	1	83	8	8	0	10	0	1	9	15	4	6	11	7	13	2	7	11	5
"1408"	8	41	10	7	9	25	1	7	0	5	8	4	302	0	6	7	3	3	4	8	5	4	13	2	1	1	0	3	6	60	13	2	8	12	4	25	4	37	9	193	1	1	12	15	1	22	8	1	3	2	1	6	1	8	3	6	2	2	2	7	6	4	1	4	12	4	4	33	4	0	62	38	1	2	29	7	0	1	10	35	6	1	82	3	6	0	7	0	3	7	8	6	8	6	6	6	0	13	6	5
"1413"	7	25	9	11	9	26	1	3	0	5	11	2	322	2	3	7	2	7	4	14	0	9	7	4	1	2	0	4	7	66	10	5	4	9	1	27	3	35	10	180	0	5	13	7	5	23	6	0	2	3	1	6	2	6	6	8	1	0	2	3	12	1	0	6	5	4	3	29	8	0	60	37	3	6	24	11	0	1	13	38	4	2	76	7	13	1	8	0	5	7	14	4	14	3	4	11	3	7	5	6
"1432"	10	33	9	12	9	16	1	9	0	2	12	2	348	1	2	5	1	7	5	14	2	2	15	3	0	0	0	4	7	41	17	6	5	9	2	22	2	43	15	192	1	6	15	15	8	11	8	0	0	2	3	3	1	10	1	8	1	1	3	5	12	2	2	2	11	4	2	35	9	2	54	40	5	3	23	7	0	2	10	34	6	1	88	4	9	0	5	1	1	6	18	6	13	7	9	20	2	12	6	2
"1437"	5	32	7	6	5	20	1	3	0	1	23	7	357	4	2	9	10	1	6	4	5	6	15	2	0	1	0	4	11	50	12	2	9	5	3	24	1	46	8	190	0	7	20	19	3	13	4	0	2	2	5	6	1	9	3	3	1	1	4	10	4	2	0	12	7	6	3	34	6	1	59	24	2	3	23	6	0	0	11	28	8	1	74	2	9	1	6	0	1	7	16	8	13	6	2	16	1	14	3	1
"1441"	6	35	14	12	2	22	2	3	0	6	14	3	336	2	2	8	5	3	6	7	4	4	10	1	0	2	0	2	3	49	10	0	5	7	7	20	0	45	11	192	3	6	21	10	9	13	9	0	0	1	6	4	1	10	1	3	5	1	5	7	10	4	0	4	8	6	5	40	10	1	66	26	2	5	23	10	0	0	10	24	4	1	73	5	9	1	5	0	1	9	14	5	9	5	5	8	2	6	3	5
"1444"	7	37	13	15	6	14	1	5	0	2	19	5	338	5	13	9	4	2	2	9	4	5	7	3	0	1	0	6	6	54	11	6	4	12	2	31	1	41	11	193	1	7	18	19	5	10	4	0	1	5	1	6	1	6	3	2	2	3	5	3	9	1	0	3	8	6	1	38	6	1	65	23	4	6	26	5	0	3	11	26	11	0	80	2	5	0	6	1	3	6	8	3	12	7	2	17	1	9	5	4
"1451"	6	22	11	4	8	14	4	8	0	2	19	3	336	0	6	9	6	2	3	14	2	8	12	2	0	1	0	2	4	48	16	7	2	9	5	20	1	41	11	201	2	4	20	22	6	18	10	0	0	2	1	4	3	8	1	3	1	1	5	3	11	2	5	5	15	4	3	28	9	2	64	31	3	2	14	6	0	1	8	26	7	1	91	2	11	0	10	1	2	5	13	3	12	4	9	18	0	3	6	5
"1460"	6	31	10	15	11	11	3	2	0	2	22	6	333	0	5	9	6	1	7	5	3	4	11	5	0	1	1	2	3	57	10	4	2	9	6	25	4	41	8	209	3	6	25	14	7	12	6	1	0	2	3	6	0	5	4	6	2	3	6	3	14	0	4	5	7	8	4	42	3	0	51	29	1	10	23	8	0	1	14	28	6	0	77	6	12	1	11	1	0	3	12	7	13	1	8	13	1	7	6	6
"1471"	5	28	6	5	1	13	3	0	0	5	14	5	363	0	0	1	6	0	4	14	6	4	8	3	0	0	0	2	8	55	15	3	8	14	1	28	2	43	7	212	0	4	20	21	4	15	4	0	2	5	4	3	3	9	1	5	1	1	3	7	10	1	3	4	12	5	1	25	3	0	63	26	1	6	20	13	0	1	9	34	6	0	57	2	5	0	8	1	1	8	13	4	16	4	2	16	0	5	7	2
"1475"	8	22	8	9	6	15	0	6	0	0	11	1	368	1	6	10	7	2	5	5	8	3	6	2	0	1	0	7	5	65	14	6	3	10	2	19	2	47	9	211	3	3	11	19	5	8	8	0	0	2	4	1	0	9	4	4	1	1	5	7	10	3	2	2	13	5	4	30	7	0	60	32	5	5	20	4	0	0	9	32	4	1	60	9	11	0	7	0	1	11	13	4	13	5	6	13	0	9	3	3
"1484"	3	23	6	9	5	13	1	5	0	1	13	5	350	7	4	4	5	2	11	5	5	4	10	4	1	1	0	2	7	58	12	4	8	7	4	24	1	45	7	205	3	10	20	13	9	11	11	2	0	3	4	6	0	9	0	2	0	0	4	2	7	3	0	6	15	2	4	25	3	3	68	33	3	6	30	9	0	3	11	28	4	0	57	6	7	0	10	2	3	5	15	5	18	6	2	10	1	8	7	2
"1489"	10	22	6	13	9	12	1	8	0	1	7	5	343	1	3	6	6	1	10	9	1	9	10	0	0	1	0	7	6	54	14	4	4	7	3	25	1	46	20	208	3	3	23	16	8	16	10	0	1	0	0	9	3	8	2	3	1	2	3	6	8	5	0	5	8	3	4	22	7	1	73	33	1	3	19	11	0	5	11	28	6	2	71	3	14	0	3	1	3	9	13	2	13	5	6	17	2	11	4	5
"1495"	2	29	3	9	5	17	2	4	0	0	14	3	319	4	4	6	8	4	4	7	2	4	7	3	0	4	1	2	11	46	12	3	3	19	1	30	1	39	8	193	0	9	14	12	7	15	5	0	2	5	4	3	0	13	1	3	2	1	3	5	10	1	0	3	11	6	4	31	14	0	80	38	7	3	12	10	0	2	7	24	3	1	79	3	7	0	9	2	6	9	18	3	10	8	6	20	1	4	10	5
"1506"	6	36	13	9	11	17	3	2	0	1	15	0	304	0	2	9	8	1	8	10	3	8	13	4	0	0	0	0	8	53	13	5	4	9	5	37	1	31	9	195	1	7	17	13	7	11	8	0	0	8	2	5	2	5	2	2	1	1	3	4	14	5	2	3	8	8	2	27	3	1	72	35	2	11	13	12	0	2	11	25	7	2	67	5	11	0	10	0	4	11	17	5	12	8	6	15	0	10	10	3
"1507"	5	31	10	7	10	17	3	2	0	2	13	0	305	1	2	6	9	0	10	6	5	7	7	8	0	0	0	3	3	59	10	8	2	5	5	36	1	32	12	198	1	6	22	15	12	14	6	0	1	5	2	4	1	7	0	3	1	1	4	6	13	2	2	5	4	5	2	31	7	1	67	34	2	6	13	11	0	3	11	26	1	1	69	9	12	1	4	1	1	12	14	4	10	6	5	15	0	8	5	2
"1509"	8	34	5	3	8	22	3	5	0	3	13	3	315	2	7	3	4	0	4	9	2	7	8	3	0	3	0	2	6	57	10	6	5	8	9	34	0	31	13	198	0	8	25	17	4	13	7	1	1	7	4	9	1	2	0	7	1	0	3	6	3	3	1	9	14	5	2	35	5	2	77	35	4	8	14	10	1	2	10	30	6	1	60	4	7	3	4	1	4	10	17	2	11	8	6	12	0	10	8	2
"1512"	6	29	11	9	9	23	2	9	0	4	11	1	299	1	5	10	10	6	3	5	6	5	14	3	0	2	0	1	7	58	13	5	3	6	7	30	1	26	11	203	0	3	27	16	9	16	3	0	1	11	4	8	0	12	1	2	0	1	2	5	7	2	3	7	7	6	2	36	7	1	78	36	3	6	16	10	0	1	14	34	6	2	57	7	5	0	3	0	1	6	17	3	10	3	5	13	2	7	5	2
"1523"	6	30	9	7	7	31	4	10	0	2	10	1	292	7	7	5	9	2	6	10	4	3	10	1	0	0	0	5	7	68	11	3	3	9	4	27	1	34	6	197	1	4	24	15	4	15	7	0	1	4	2	1	2	8	0	6	2	2	5	8	13	3	2	6	8	2	3	34	9	2	59	47	4	5	24	9	0	0	17	30	4	1	57	8	12	1	7	0	1	7	18	4	16	11	4	9	2	12	5	4
"1534"	9	34	16	12	5	28	1	11	1	3	10	1	303	0	5	10	3	3	7	13	1	9	9	2	1	0	0	4	7	58	8	3	4	9	5	36	1	36	9	211	2	8	15	15	6	14	8	0	0	1	3	5	4	5	2	1	3	3	4	5	14	1	1	3	12	9	2	21	8	0	56	41	2	3	23	5	1	3	12	35	4	1	58	2	13	2	11	2	2	5	13	4	17	3	6	14	1	16	3	3
"1551"	8	35	7	11	5	19	0	14	0	4	19	2	334	0	4	3	8	2	6	10	3	8	8	5	3	1	0	2	6	47	8	5	4	12	3	20	2	37	11	226	0	7	20	14	5	15	4	0	0	1	3	1	2	12	0	7	2	3	0	5	8	0	3	0	13	3	3	30	3	0	48	44	3	4	26	14	0	3	9	33	6	2	62	5	11	1	8	0	2	5	14	3	13	3	3	12	0	8	7	5
"1562"	6	38	6	7	5	20	2	5	0	4	10	3	345	5	2	9	5	2	3	7	4	1	9	5	1	2	0	3	7	39	10	5	5	8	2	19	3	34	6	213	4	12	13	12	7	22	10	0	2	3	0	2	2	8	1	4	2	0	9	7	11	3	2	4	11	3	2	36	10	1	43	40	1	3	26	8	1	2	7	33	3	1	77	3	4	4	5	2	2	9	17	5	14	7	7	10	0	12	10	2
"1588"	3	29	12	11	9	32	0	5	0	0	12	1	306	6	4	5	3	4	5	10	1	7	7	2	1	1	0	3	4	54	10	6	1	8	4	24	5	37	12	220	2	6	15	14	4	7	4	0	0	5	1	6	0	7	1	5	3	1	4	4	19	2	4	7	7	3	4	29	12	1	42	39	6	3	19	2	2	2	13	28	7	0	77	6	4	1	5	1	5	3	11	10	12	5	7	16	2	8	5	2
"1614"	3	37	9	12	4	17	2	6	0	4	13	1	329	2	11	10	5	2	3	8	4	4	8	2	0	0	0	4	1	54	10	0	5	13	6	27	2	48	7	245	3	11	15	8	7	12	6	1	2	0	3	1	1	14	2	4	1	2	4	5	9	1	1	6	11	2	3	28	9	1	42	36	1	7	17	13	0	4	7	29	11	4	53	5	5	0	9	1	2	6	13	7	15	6	7	20	0	8	4	1
"1633"	7	34	8	6	6	18	1	5	0	2	8	2	318	3	4	3	13	2	5	10	5	4	17	2	0	1	0	0	7	59	8	5	3	11	8	24	1	52	8	232	2	1	12	12	9	13	2	0	2	4	2	3	4	12	2	4	2	0	4	5	18	2	3	5	6	3	1	27	7	4	50	22	3	6	13	3	1	3	8	40	1	2	49	3	8	0	8	1	2	9	13	4	15	6	6	11	1	7	7	7
"1643"	7	25	7	14	4	14	2	9	0	1	16	3	320	0	2	9	3	5	10	14	4	6	12	3	0	2	0	3	5	52	13	8	4	8	2	24	2	44	6	211	3	6	18	17	6	15	6	0	0	6	4	3	0	4	0	9	2	2	7	9	3	0	2	3	10	2	2	31	5	1	53	23	5	7	20	7	0	3	14	41	2	0	66	6	10	1	7	0	3	11	10	2	16	8	1	10	0	8	7	1
"1646"	6	35	11	9	8	15	2	7	0	1	16	2	326	2	7	2	6	3	4	15	1	6	8	2	0	4	0	5	10	65	21	1	6	11	2	32	3	43	11	208	1	7	17	12	11	12	8	0	1	4	2	1	1	12	4	2	2	3	3	5	8	3	2	3	9	6	3	28	7	0	55	21	3	4	20	10	1	1	8	48	8	0	77	2	7	1	7	1	3	8	8	1	17	4	2	15	2	11	6	3
"1651"	3	38	5	8	7	22	3	2	0	4	11	2	324	4	6	4	1	1	6	11	3	5	9	3	0	1	0	6	7	57	5	2	3	10	3	33	2	40	15	204	2	6	21	24	6	16	4	0	0	1	2	5	1	16	0	6	5	3	6	6	7	1	2	3	7	2	2	25	8	1	49	32	2	5	18	7	0	2	16	42	5	1	81	2	15	1	5	1	2	6	8	4	15	7	8	12	0	6	6	2
"1653"	6	34	6	6	7	22	1	2	0	2	16	4	318	2	3	8	7	1	7	12	2	2	10	1	0	3	0	1	5	57	9	1	4	7	5	26	5	35	11	200	1	10	25	16	10	14	8	0	0	1	2	7	0	11	3	7	0	2	3	8	13	2	0	3	10	3	2	25	17	3	48	37	4	5	24	15	0	0	18	38	4	1	74	5	8	0	9	0	1	5	12	1	17	13	4	10	0	8	5	2
"1659"	6	29	12	5	3	25	4	4	0	2	10	3	303	0	4	4	4	3	6	8	0	2	7	5	0	1	0	3	6	52	22	3	2	13	4	23	2	42	14	207	0	6	22	9	5	12	7	1	2	3	1	4	1	10	2	4	1	0	6	5	10	1	0	3	9	3	2	32	5	1	55	44	2	8	27	5	0	2	8	31	2	0	70	0	7	0	9	2	2	3	14	4	15	4	8	16	3	10	0	2
"1660"	7	30	12	6	6	24	4	11	0	0	14	2	307	0	2	8	6	8	6	9	6	5	11	3	0	0	0	4	3	59	20	2	5	11	4	28	4	44	17	203	0	6	18	13	7	16	9	1	2	1	0	4	4	10	2	4	3	0	0	4	13	3	1	1	8	2	6	29	10	1	54	46	4	9	30	6	0	3	7	30	7	1	68	4	7	1	7	2	0	3	13	6	13	5	7	15	1	7	2	3
"1673"	5	26	5	7	5	23	6	4	0	1	12	7	336	2	4	6	6	0	7	11	3	1	11	3	0	1	1	3	5	73	8	3	3	10	3	21	0	47	8	216	1	7	22	16	4	11	6	0	0	2	3	2	3	9	1	2	0	0	4	8	10	2	1	6	12	1	3	19	3	0	68	34	1	7	20	7	0	3	12	31	4	1	65	9	17	0	8	0	3	6	11	6	16	9	8	9	0	9	7	5
"1680"	6	35	4	11	3	23	5	6	0	4	8	8	334	3	6	6	8	2	3	9	8	7	6	3	0	1	0	1	4	75	11	3	9	8	10	23	2	44	8	201	0	6	19	17	7	13	9	0	0	2	5	9	0	7	2	2	3	1	3	7	7	0	0	5	9	3	3	16	8	0	71	33	4	4	24	11	0	1	7	22	6	1	74	3	5	1	9	1	1	4	15	0	16	0	8	9	1	6	4	5
"1687"	5	38	4	8	8	31	4	6	0	2	13	2	336	0	6	5	6	1	7	5	4	6	10	2	1	1	0	2	5	71	11	4	8	9	6	30	3	43	11	198	1	2	10	14	7	16	2	0	1	2	2	7	4	10	3	1	2	3	8	8	8	1	0	5	13	2	2	20	10	0	68	36	3	7	21	10	0	1	12	25	3	0	86	6	12	2	8	2	5	5	10	4	20	8	3	14	0	7	6	5
"1695"	6	31	10	8	6	30	4	6	0	1	13	0	336	0	4	8	2	3	11	11	7	5	9	2	0	3	0	4	6	57	11	7	9	13	2	21	1	44	11	195	0	7	16	17	6	14	4	1	1	7	0	6	2	7	2	3	1	0	3	5	10	4	1	9	6	5	4	18	8	2	54	35	3	13	25	11	3	4	13	20	5	3	65	8	10	1	6	1	3	9	6	2	13	7	14	12	0	9	7	3
"1700"	8	29	3	10	7	25	9	4	0	3	16	1	332	5	4	2	4	3	3	9	5	4	11	2	0	0	0	3	6	52	15	5	4	13	3	24	2	44	10	199	1	7	16	10	7	12	2	0	0	4	3	2	2	8	5	4	1	0	8	5	19	2	1	8	12	5	1	20	9	2	49	36	4	4	26	9	0	3	12	23	3	0	74	1	9	0	7	0	2	9	15	5	16	5	5	18	1	10	5	2
"1708"	5	30	7	8	9	12	8	3	0	2	17	7	372	2	5	11	4	4	6	5	2	4	9	5	0	2	0	4	7	62	8	9	7	10	5	28	3	53	8	190	2	7	24	14	4	13	8	0	2	5	2	2	3	9	3	7	0	0	6	7	12	3	1	3	11	3	5	16	11	0	45	35	3	5	22	9	0	3	9	30	5	0	70	6	8	0	7	0	1	8	18	3	20	3	4	18	0	11	6	1
"1710"	4	33	4	2	6	14	5	5	0	3	17	3	382	2	7	7	3	4	2	7	5	5	9	1	0	4	0	3	10	60	14	2	4	12	1	21	3	48	7	191	1	6	23	13	9	13	2	0	2	4	2	0	2	10	1	5	2	0	3	7	12	2	0	7	7	4	5	24	10	4	40	30	1	5	20	7	0	1	13	30	9	0	71	7	8	0	9	1	1	12	11	5	18	5	8	20	1	11	9	4
"1732"	13	32	4	13	3	24	2	5	0	3	29	2	351	2	2	6	5	1	3	4	7	4	8	2	0	0	0	4	5	51	9	4	7	7	7	27	1	44	12	185	0	3	7	16	4	13	7	1	0	1	2	2	1	4	3	5	6	2	5	9	14	2	0	4	4	7	2	23	4	0	68	35	2	8	23	6	0	1	9	23	15	3	63	4	11	0	9	2	0	4	15	3	11	6	12	11	0	4	10	1
"1734"	14	23	5	12	6	27	3	8	0	5	16	3	357	4	3	8	4	2	9	4	2	6	12	3	0	1	1	5	2	48	12	6	6	12	7	25	3	43	10	174	3	3	12	12	5	13	8	0	0	3	4	4	1	9	3	3	2	2	4	3	7	1	0	5	7	3	4	19	5	0	59	36	4	6	14	9	1	1	10	25	4	0	64	5	5	0	2	1	3	5	25	5	12	6	4	9	1	6	6	1
"1742"	4	25	6	12	12	21	3	9	0	4	8	0	326	3	6	3	3	0	7	8	3	6	16	4	0	2	0	2	2	56	9	5	7	14	4	27	5	44	9	178	0	7	22	11	3	16	6	0	0	2	2	6	3	11	1	5	3	2	2	6	10	1	1	1	9	3	1	14	12	0	58	35	4	4	25	11	0	1	15	33	6	3	73	4	10	0	9	0	1	6	9	5	15	11	3	10	1	5	6	0
"1748"	4	33	3	7	7	19	3	2	0	1	13	4	317	0	4	9	5	2	5	14	3	4	7	3	0	0	0	0	6	60	8	6	6	7	7	28	3	40	10	181	0	2	26	17	11	21	7	0	0	5	6	6	1	11	1	2	4	5	0	4	10	4	1	6	7	4	2	27	7	2	63	34	4	5	28	9	1	1	10	33	5	1	65	5	11	0	10	2	2	7	17	3	14	10	5	10	0	9	8	3
"1755"	11	25	9	14	6	14	0	3	0	1	17	1	347	1	4	6	8	5	3	11	2	8	9	2	0	2	0	3	9	59	11	2	8	16	6	22	4	34	9	170	1	8	13	16	6	19	4	0	1	5	5	2	1	12	0	5	2	2	6	9	8	1	2	7	10	5	4	31	10	2	59	29	0	8	22	10	1	0	7	25	9	1	69	1	9	2	8	0	2	6	9	3	15	5	9	16	0	10	5	7
"1756"	6	25	6	10	8	14	1	2	0	6	15	2	339	1	2	12	10	4	8	11	4	7	10	5	0	0	0	5	4	61	12	2	2	15	3	24	3	41	10	168	3	5	15	14	5	15	4	0	1	2	4	2	2	10	0	5	0	1	7	8	11	3	1	7	11	7	1	32	12	2	57	35	1	10	24	10	0	1	7	22	5	0	69	5	8	0	8	1	1	8	8	2	14	7	5	14	0	9	5	8
"1766"	7	31	8	9	7	18	2	7	0	1	14	3	348	2	8	3	8	0	7	15	2	4	11	0	1	1	1	5	9	61	9	10	1	8	2	22	1	47	9	161	2	2	16	16	7	12	3	0	0	1	3	7	2	9	0	6	1	3	4	2	6	3	1	7	10	6	0	24	9	0	58	49	3	6	21	8	0	4	10	17	9	5	59	5	6	1	4	1	2	8	11	3	8	8	3	16	1	7	11	4
"1769"	4	28	3	15	5	24	2	10	0	0	22	2	340	5	5	8	4	3	5	14	5	6	10	3	1	1	0	1	9	62	3	6	7	10	6	24	3	48	10	162	1	3	18	16	10	18	5	0	1	1	1	6	2	11	2	4	5	0	4	5	10	4	0	6	21	3	3	21	7	1	57	43	0	5	21	7	0	0	13	21	6	4	50	6	11	0	12	1	1	4	10	3	8	2	3	16	2	8	7	4
"1773"	8	25	7	7	8	31	0	6	0	0	19	8	358	4	8	4	3	2	6	7	3	5	12	3	0	1	0	4	4	65	11	2	6	5	1	26	1	37	12	171	2	5	20	17	6	18	7	0	1	2	0	7	0	15	2	4	1	0	4	4	11	0	0	8	12	3	4	23	8	3	66	36	2	8	21	8	2	0	11	24	5	2	42	11	9	1	9	3	2	13	11	5	12	6	2	20	0	7	7	0
"1776"	10	25	3	6	6	31	2	2	1	5	10	4	354	2	6	6	2	3	7	12	3	11	12	4	0	5	0	2	3	58	13	6	6	7	3	33	2	40	12	164	0	9	19	15	2	21	9	1	1	5	1	11	4	7	1	5	2	1	2	2	10	1	1	1	12	2	3	23	5	2	53	32	3	3	24	9	0	0	7	21	7	0	43	6	10	0	2	1	5	7	15	5	14	5	8	12	1	6	3	0
"1804"	2	25	8	9	8	20	3	3	0	5	13	2	357	2	8	9	9	3	12	15	5	4	9	1	1	1	0	2	8	66	17	2	5	5	5	31	0	46	7	161	2	4	26	11	6	15	7	0	0	2	3	7	0	6	1	8	6	6	1	9	8	0	3	6	6	8	2	32	4	3	56	48	5	7	21	9	0	1	13	27	4	1	79	2	6	0	11	1	2	7	10	7	8	12	5	13	0	13	6	8
"1805"	3	22	8	9	8	20	4	1	0	2	13	0	361	1	9	7	10	2	6	12	4	4	9	0	0	2	0	2	4	68	15	2	3	9	3	29	0	48	10	159	2	7	24	12	4	14	5	0	0	2	3	6	1	7	0	5	4	3	2	3	10	1	3	8	6	6	2	31	4	2	56	46	4	6	29	7	0	1	12	28	4	1	79	3	5	2	5	0	3	2	17	4	10	8	3	11	0	9	8	7
"1809"	9	23	7	11	5	21	6	3	0	0	12	0	359	0	6	9	5	2	6	7	0	5	9	1	0	2	0	6	2	70	11	5	6	12	3	16	1	45	10	161	2	4	28	12	9	13	5	1	2	5	0	7	0	11	1	4	2	3	6	7	10	3	2	3	6	2	0	34	5	2	56	36	5	5	21	6	0	0	17	24	3	0	78	3	14	1	8	0	4	8	12	2	17	11	4	10	1	8	7	6
"1837"	3	38	15	4	3	17	3	5	0	3	16	5	351	2	7	8	2	2	3	10	7	1	10	2	1	5	0	4	13	58	19	3	7	12	2	29	2	46	12	168	0	3	11	13	10	14	6	0	2	4	2	4	1	11	2	4	2	1	3	4	9	0	2	11	13	3	0	35	7	2	57	31	4	8	30	6	1	0	10	32	5	0	52	4	9	2	9	1	4	11	10	7	25	7	4	14	0	4	4	4
"1842"	8	29	4	11	7	16	1	6	0	0	30	5	350	6	5	5	5	1	4	17	3	4	11	2	1	1	0	2	5	61	12	5	4	9	7	19	5	46	5	161	2	3	23	10	9	22	3	0	0	0	2	5	1	12	2	3	2	4	3	7	12	1	1	5	5	4	2	31	6	0	55	25	2	7	27	7	0	0	9	29	4	2	74	3	12	2	9	2	3	6	11	1	19	4	1	20	1	8	5	3
"1849"	6	35	8	12	2	14	4	7	0	1	11	0	355	0	5	8	6	8	5	10	8	3	7	4	0	0	0	1	5	51	2	3	4	8	1	27	0	46	13	154	0	7	20	13	6	15	4	0	1	7	1	8	2	10	1	4	1	2	3	7	9	2	1	6	10	4	4	27	7	0	50	28	4	5	18	8	0	2	11	26	4	2	91	2	6	1	7	2	1	7	6	5	14	6	10	20	0	17	9	4
"1852"	5	39	5	11	6	15	6	8	0	1	11	0	356	3	7	10	11	3	10	17	1	8	6	1	0	3	0	2	3	49	14	4	1	8	10	22	1	43	9	150	1	7	14	19	5	16	4	0	0	1	0	7	0	6	4	2	1	1	4	5	11	1	1	4	10	8	4	22	9	1	45	30	3	4	16	9	0	2	19	29	7	2	80	7	8	1	7	0	7	5	12	4	14	7	4	17	1	9	5	3
"1853"	2	42	9	12	8	18	7	9	0	3	13	0	352	3	4	8	6	3	7	14	3	8	5	1	0	2	1	5	4	55	14	3	4	7	6	25	2	43	8	151	1	8	15	20	4	14	8	0	0	3	0	6	2	9	2	2	1	3	5	9	14	2	1	3	12	9	1	23	5	1	50	27	3	5	18	14	1	2	10	29	6	2	76	6	6	0	10	1	5	5	13	5	14	8	5	14	1	7	6	4
"1861"	5	33	12	12	7	18	6	4	0	2	21	5	358	1	7	10	7	3	7	18	3	5	13	8	0	0	0	9	7	46	8	6	4	7	2	21	1	36	12	161	1	12	20	15	6	13	5	0	0	3	2	5	2	15	2	3	1	1	1	8	14	5	2	6	6	4	3	28	10	1	60	30	2	6	21	9	0	1	10	38	5	2	71	2	8	0	9	0	8	4	10	4	13	3	5	10	1	4	2	3
"1863"	8	35	11	6	4	18	6	7	0	2	29	1	353	3	3	16	8	2	7	16	5	7	12	2	0	1	0	3	6	40	10	1	1	7	7	23	1	38	19	165	2	5	20	13	6	10	6	0	1	3	3	6	2	10	1	6	1	2	6	6	7	0	2	2	11	4	4	24	7	1	54	26	4	8	19	6	2	1	10	36	5	2	73	5	8	2	9	0	2	5	12	2	18	4	6	12	0	11	6	3
"1892"	4	41	5	12	9	27	2	8	0	2	12	1	362	2	4	7	6	1	9	12	3	2	14	3	0	4	0	5	9	58	18	5	3	12	1	20	2	28	12	167	3	8	26	11	8	13	6	1	1	3	0	1	1	6	3	4	1	3	4	1	10	0	0	4	7	7	5	40	5	2	52	33	0	10	33	7	0	2	12	25	7	2	52	5	8	1	5	0	4	2	20	2	10	12	5	14	0	5	7	5
"1901"	9	26	10	12	4	21	2	5	0	0	14	2	323	0	6	6	7	3	3	9	7	4	10	2	0	2	0	3	8	62	14	3	1	10	5	19	5	32	9	169	3	1	20	15	9	17	7	2	1	9	3	11	2	6	0	5	6	2	7	9	4	2	0	3	9	1	3	30	7	1	68	31	4	4	22	12	1	2	7	32	6	3	71	6	14	1	7	2	1	6	11	2	10	8	7	16	0	11	8	3
"1907"	4	23	14	14	10	26	2	5	0	2	16	2	323	1	6	5	6	3	6	12	4	5	7	4	0	1	0	2	7	61	9	5	4	14	5	18	6	36	9	169	1	7	19	19	6	9	9	3	0	5	0	6	0	6	0	6	0	0	7	2	12	3	1	9	8	5	1	24	15	1	62	35	3	4	20	14	0	1	17	35	4	1	55	8	9	0	9	3	2	7	10	1	17	8	4	13	0	10	10	4
"1923"	2	33	4	12	7	26	5	5	0	3	14	5	358	0	5	6	6	2	5	7	1	7	10	3	0	2	1	1	5	48	15	6	3	9	2	24	1	30	18	176	4	6	17	12	5	16	5	1	1	3	2	5	2	6	0	5	2	1	7	4	7	3	2	3	6	2	1	38	10	2	60	39	2	12	21	7	0	3	5	34	4	0	65	6	14	0	6	2	8	9	9	2	5	7	3	17	0	8	5	2
"1926"	4	33	6	7	5	26	2	10	0	2	11	2	362	1	3	7	6	1	7	16	3	4	11	2	0	1	1	3	6	49	4	3	3	13	4	24	0	26	12	179	1	8	19	14	7	18	4	0	5	3	2	8	4	6	1	3	5	1	6	6	9	2	1	5	15	4	2	33	8	0	66	42	3	6	21	10	0	4	4	36	5	1	67	1	4	1	4	0	0	9	16	4	7	8	6	14	0	8	5	4
"1941"	5	33	14	7	4	26	6	8	0	3	10	6	337	4	3	6	4	1	5	11	4	9	5	1	0	2	0	4	9	55	12	5	5	8	2	28	3	39	12	184	3	5	16	8	6	10	9	0	0	5	1	6	0	8	2	5	2	1	6	7	8	2	0	4	10	4	1	41	8	0	62	37	4	7	23	8	0	0	12	32	6	0	69	3	8	0	11	0	2	4	15	3	10	7	2	11	1	10	3	6
"1943"	5	30	10	8	5	30	4	6	0	1	16	2	336	5	1	9	1	1	8	8	2	3	11	4	0	5	0	4	4	53	7	8	3	14	3	35	0	40	15	182	2	11	17	15	7	12	5	0	0	6	1	5	0	6	2	2	1	0	3	11	18	3	2	2	12	6	3	38	5	1	65	37	4	2	28	14	0	0	13	32	5	1	66	2	10	1	6	1	2	6	13	6	18	5	2	12	0	5	5	6
"1944"	2	29	8	4	4	32	3	5	0	1	17	4	337	3	4	4	4	2	4	13	3	10	12	3	0	0	0	4	0	64	7	6	1	15	5	33	1	37	10	184	3	7	12	18	6	13	5	0	1	5	1	5	0	6	1	6	3	2	0	8	10	3	2	9	11	5	3	38	9	2	65	35	4	6	24	12	0	0	12	31	9	2	69	1	10	2	7	2	3	8	13	3	18	4	2	11	0	9	4	6
"1947"	3	37	9	7	6	30	3	3	0	3	15	3	356	1	4	10	5	0	1	15	4	11	9	1	0	3	0	3	7	60	10	4	2	7	3	28	2	33	8	186	1	6	13	15	11	19	5	0	1	7	1	1	1	7	2	3	2	1	3	5	9	2	1	3	16	2	0	32	10	3	58	28	4	6	28	7	0	1	9	27	5	1	71	4	8	0	7	1	1	7	10	5	18	6	4	13	0	8	6	4
"1955"	6	27	11	9	7	29	0	4	0	2	12	2	337	3	2	7	4	5	5	11	5	6	9	5	1	1	0	2	7	57	7	2	4	7	1	40	0	27	8	175	6	5	22	13	4	11	6	3	0	2	7	2	2	5	1	3	1	1	2	6	13	2	0	7	16	5	2	30	10	1	66	31	0	10	22	8	0	2	15	33	4	2	65	5	9	2	6	1	2	6	14	3	10	7	4	9	0	11	5	5
"1957"	6	33	11	11	8	26	1	6	0	0	11	3	339	2	4	7	6	5	9	11	9	7	11	8	1	2	0	3	1	56	7	1	4	6	2	41	0	28	7	186	3	4	20	10	4	12	6	1	0	1	4	4	1	4	3	8	2	1	5	7	9	2	0	5	10	5	3	26	11	2	60	30	3	8	24	6	0	0	9	31	6	0	63	5	10	1	5	1	6	2	17	9	11	6	3	6	1	10	5	7
"1964"	4	31	7	15	7	23	4	3	0	2	28	4	361	2	6	7	7	2	7	6	5	11	9	2	0	1	0	3	3	58	5	5	2	13	5	29	1	35	14	192	3	5	18	15	5	14	7	0	2	1	2	9	3	8	1	6	3	0	4	7	7	4	0	2	9	2	2	25	6	0	71	22	2	5	21	8	0	3	6	29	4	3	67	2	6	0	7	1	1	5	12	2	10	3	6	12	0	5	6	2
"1980"	3	33	3	13	10	26	2	6	0	1	8	4	324	2	5	11	7	5	7	11	1	4	13	0	0	1	0	4	6	52	9	5	5	10	5	22	4	39	6	171	3	8	18	14	10	13	5	0	1	1	0	3	1	9	3	4	1	3	3	11	11	3	0	5	14	1	0	28	10	1	54	35	2	9	19	12	0	0	11	26	5	0	68	7	6	0	6	1	4	7	17	5	12	7	5	14	0	9	7	2
"1988"	4	29	9	6	7	22	2	6	1	3	13	2	331	3	6	1	12	1	6	15	5	2	8	1	0	1	0	2	12	71	16	7	8	5	6	22	4	37	20	198	1	3	25	12	5	18	3	0	0	4	1	4	4	7	1	4	1	3	7	6	12	1	1	5	9	4	5	30	6	0	48	33	5	8	18	4	1	4	16	23	6	0	72	2	3	0	7	0	2	11	16	3	18	4	6	12	0	6	6	6
"1995"	9	44	8	3	7	17	3	0	0	1	13	4	359	5	6	7	4	2	5	12	2	6	9	3	0	3	0	3	5	66	10	10	8	10	3	30	2	38	18	205	3	8	13	14	2	12	1	0	1	1	1	3	2	6	0	4	1	2	3	6	6	0	0	3	8	2	1	27	7	2	50	29	5	2	25	9	0	5	15	32	7	2	67	4	3	1	5	1	4	5	11	1	12	3	3	10	3	5	4	4
